{
    "112282": [
        "http://https://www.cert.org/advisories/CA-2002-23.html"
    ],
    "117497": [
        "http://https://www.snort.org/snort-files.htm#Rules"
    ],
    "111769": [
        "http://corporate.verisign.com/news/2002/pr_20020507.html",
        "http://www.iss.net/campaigns/index.php",
        "http://books.nap.edu/html/id_questions",
        "http://seattlepi.nwsource.com/local/68217_thumb27.shtml"
    ],
    "111672": [
        "https://www.netlock.com"
    ],
    "111652": [
        "http://www.corest.com",
        "http://www.corest.com/corelabs/papers"
    ],
    "111596": [
        "http://www.infosecuritymag.com/2002/apr/news.shtml#factoringfriction",
        "http://thomas.loc.gov/cgi-bin/bdquery/z?d107:s.02048",
        "http://www.itbuynet.com/pdf/0202-security.pdf",
        "http://nsa2.www.conxion.com/emailexec/download.htm",
        "http://www.infosecnews.com/opinion/2002/02/27_02.htm"
    ]
}